"Chr","Region start","Region end","3' end position","3' end strand","3' end read count","p value","Adjusted p value","Distance to 3' end","e73 Ensembl Gene ID","Gene type","e73 Ensembl Transcript ID","Transcript type","Gene name","Gene description","zmp_ph1_1m count","zmp_ph1_1s count","zmp_ph1_2m count","zmp_ph1_2s count","zmp_ph1_3m count","zmp_ph1_3s count","zmp_ph1_1m normalised count","zmp_ph1_1s normalised count","zmp_ph1_2m normalised count","zmp_ph1_2s normalised count","zmp_ph1_3m normalised count","zmp_ph1_3s normalised count","Log2 fold change (mutant/sibling)","Log2 fold change (mutant/sibling) for group 1","Log2 fold change (mutant/sibling) for group 2","Log2 fold change (mutant/sibling) for group 3"
"3",101,200,285,1,4,0.0104447536094429,0.0417790144377714,-11252,"ENSDARG00000077528","protein_coding","ENSDART00000111709","protein_coding","CABZ01079251.1","Uncharacterized protein  [Source:UniProtKB/TrEMBL;Acc:E7F5U7]",3,8,26,47,37,45,1.76981941524144,5.4328964282594,31.643172511239,59.6903815047795,42.86585211725,60.025859483076,-0.714293461536435,-1.61811938257478,-0.915604224498906,-0.48575533331915
"7",101,200,226,1,84,0.500218187614215,0.602995091955937,-101489,"ENSDARG00000076051","protein_coding","ENSDART00000113409","protein_coding","CABZ01062994.1","Uncharacterized protein  [Source:UniProtKB/TrEMBL;Acc:F1QHW5]",57,41,20,19,23,17,33.6265688895874,27.8435941948294,24.3409019317223,24.1301542253364,26.6463405053176,22.6764358047176,0.180747349801973,0.272256126250719,0.0125454904814158,0.232743512188249
"7",109,300,109,-1,221,0.545532832883815,0.602995091955937,117520,"ENSDARG00000096571","protein_coding","ENSDART00000152265","protein_coding","si:ch211-281p14.2","si:ch211-281p14.2 [Source:ZFIN;Acc:ZDB-GENE-121214-273]",97,94,60,58,53,54,57.2241610928066,63.8365330320479,73.022705795167,73.6604707931322,61.4024368166014,72.0310313796912,-0.128674535287607,-0.157757892786449,-0.0125454904814147,-0.230322650218694
"5",101,200,,-1,,0.602995091955937,0.602995091955937,,"","","","","","",37,38,11,13,16,13,21.8277727879778,25.8062580342321,13.3874960624473,16.5101055225986,18.5365846993514,17.3408038506664,-0.150380973767751,-0.241556031110575,-0.302463190466156,0.0962046792404836
